{
    "accuracy": 0.7181,
    "classification_report": {
        "Benign": {
            "precision": 0.7181194579220345,
            "recall": 1.0,
            "f1-score": 0.8359365870759163,
            "support": 21461.0
        },
        "Zero-Day Attack": {
            "precision": 0.0,
            "recall": 0.0,
            "f1-score": 0.0,
            "support": 8424.0
        },
        "accuracy": 0.7181194579220345,
        "macro avg": {
            "precision": 0.35905972896101723,
            "recall": 0.5,
            "f1-score": 0.41796829353795817,
            "support": 29885.0
        },
        "weighted avg": {
            "precision": 0.5156955558462366,
            "recall": 0.7181194579220345,
            "f1-score": 0.6003023287681526,
            "support": 29885.0
        }
    }
}