{
    "accuracy": 0.975,
    "roc_auc": 0.9972,
    "classification_report": {
        "0": {
            "precision": 0.957787201233616,
            "recall": 0.9938,
            "f1-score": 0.9754613270514331,
            "support": 10000.0
        },
        "1": {
            "precision": 0.9935577722360764,
            "recall": 0.9562,
            "f1-score": 0.9745209947003669,
            "support": 10000.0
        },
        "accuracy": 0.975,
        "macro avg": {
            "precision": 0.9756724867348463,
            "recall": 0.9750000000000001,
            "f1-score": 0.9749911608759,
            "support": 20000.0
        },
        "weighted avg": {
            "precision": 0.9756724867348461,
            "recall": 0.975,
            "f1-score": 0.9749911608758999,
            "support": 20000.0
        }
    }
}